id|name|images|tags|active|quantity|category|meta-title|eya-category|商品编号：|价格：|品牌：|重量：|评价：|购买数量：|商品总价：|na|产地：|促销价:|剩余时间：|desc|
14203|韩国IT'S SKIN 天使娃娃全效隔离霜 SPF15 No2 GREEN|http://www.chishenghuo.com/eimages/images/201412/source_img/1401_G_1417628309540.jpg|韩国IT'S`SKIN`天使娃娃全效隔离霜`SPF15`#2`GREEN`粉底液`粉饼`BB霜`散粉`彩妆``流行``时尚`美妆馆|1|100|流行彩妆`美妆天地|韩国IT'S SKIN 天使娃娃全效隔离霜 SPF15 #2 GREEN|当前位置: 首页 > 美妆馆 > 彩妆 流行 时尚 > 粉底液 _ 粉饼 _ BB霜 _ 散粉 > 韩国IT'S SKIN 天使娃娃全效隔离霜 SPF15 #2 GREEN|maya-EYM001401|20.00|IT'S SKIN|0| (已有0人评论)|减少数量 增加数量||na||||<p style="margin-top: 0px; margin-bottom: 20px; font-family: 'Microsoft Yahei'; font-size: 12px; white-space: normal; text-align: center; background-color: rgb(255, 255, 255);"><span style="font-size: 16px; font-family: 微软雅黑, 'Microsoft YaHei';"><br></span></p><p style="margin-top: 0px; margin-bottom: 20px; font-family: 'Microsoft Yahei'; font-size: 12px; white-space: normal; text-align: center; background-color: rgb(255, 255, 255);"><span style="font-size: 16px; font-family: 微软雅黑, 'Microsoft YaHei';">It's skin Baby Face One-Step Base (SPF15)</span></p><p style="margin-top: 0px; margin-bottom: 20px; font-family: 'Microsoft Yahei'; font-size: 12px; white-space: normal; text-align: center; background-color: rgb(255, 255, 255);"><span style="font-size: 16px; font-family: 微软雅黑, 'Microsoft YaHei';"><br></span></p><p style="margin-top: 0px; margin-bottom: 20px; font-family: 'Microsoft Yahei'; font-size: 12px; white-space: normal; text-align: center; background-color: rgb(255, 255, 255);"><span style="font-size: 16px; font-family: 微软雅黑, 'Microsoft YaHei';">▶ 制造公司 : 伊思</span></p><p style="margin-top: 0px; margin-bottom: 20px; font-family: 'Microsoft Yahei'; font-size: 12px; white-space: normal; text-align: center; background-color: rgb(255, 255, 255);"><span style="font-size: 16px; font-family: 微软雅黑, 'Microsoft YaHei';">▶ 原产地&nbsp;: 韩国</span></p><p style="margin-top: 0px; margin-bottom: 20px; font-family: 'Microsoft Yahei'; font-size: 12px; white-space: normal; text-align: center; background-color: rgb(255, 255, 255);"><span style="font-size: 16px; font-family: 微软雅黑, 'Microsoft YaHei';">▶ 容量 :35ml<br>&nbsp;<br><strong>▶ 产品说明</strong><br>&nbsp;<br>：含有桃花提取物，玫瑰提取物，波斯菊提取物，茉莉花提取物，莲花提取物等7中花卉提取物。<br>&nbsp;<br>：亮暗沉肤色，使肤色均匀透亮<br>&nbsp;<br>：自然遮盖毛孔瑕疵，塑造光滑健康的美肌<br>&nbsp;<br>：清透透明的质感，细腻不堵塞毛孔，妆后皮肤清爽自然<br>&nbsp;<br>：清爽的使用感<br>&nbsp;<br>：SPF15<br>&nbsp;<br><strong><br></strong></span></p><p style="margin-top: 0px; margin-bottom: 20px; font-family: 'Microsoft Yahei'; font-size: 12px; white-space: normal; background-color: rgb(255, 255, 255);"><span style="font-size: 16px; font-family: 微软雅黑, 'Microsoft YaHei';"><strong><br></strong></span></p><p style="margin-top: 0px; margin-bottom: 20px; font-family: 'Microsoft Yahei'; font-size: 12px; white-space: normal; text-align: center; background-color: rgb(255, 255, 255);"><span style="font-size: 16px; font-family: 微软雅黑, 'Microsoft YaHei';"><strong>▶ 使用方法</strong><br>&nbsp;<br>：取适量本品均匀地涂抹全脸</span></p><p style="margin-top: 0px; margin-bottom: 20px; font-family: 'Microsoft Yahei'; font-size: 12px; white-space: normal; text-align: center; background-color: rgb(255, 255, 255);"><img alt="" src="http://beautymono.com/image/data/itssskin/Make%20Up/666.jpg" style="height: 250px; width: 390px;"></p><p style="margin-top: 0px; margin-bottom: 20px; font-family: 'Microsoft Yahei'; font-size: 12px; white-space: normal; text-align: center; background-color: rgb(255, 255, 255);"><img alt="" src="http://beautymono.com/image/data/itssskin/Make%20Up/It's-skin-Baby-Face-One-Step-Base-(SPF15).jpg" style="height: 500px; width: 500px;"></p><p style="margin-top: 0px; margin-bottom: 20px; font-family: 'Microsoft Yahei'; font-size: 12px; white-space: normal; text-align: center; background-color: rgb(255, 255, 255);"><img alt="" src="http://beautymono.com/image/data/itssskin/Make%20Up/BabyfaceOneStepBaseSPF15........jpg" style="height: 2678px; width: 820px;"></p><p><br></p>|
14206|韩国IT'S SKIN 天使娃娃全效隔离霜 SPF15 No1 PINK|http://www.chishenghuo.com/eimages/images/201412/source_img/1402_G_1417628482230.jpg|韩国IT'S`SKIN`天使娃娃全效隔离霜`SPF15`#1`PINK`粉底液`粉饼`BB霜`散粉`彩妆``流行``时尚`美妆馆|1|100|流行彩妆`美妆天地|韩国IT'S SKIN 天使娃娃全效隔离霜 SPF15 #1 PINK|当前位置: 首页 > 美妆馆 > 彩妆 流行 时尚 > 粉底液 _ 粉饼 _ BB霜 _ 散粉 > 韩国IT'S SKIN 天使娃娃全效隔离霜 SPF15 #1 PINK|maya-EYM001402|20.00|IT'S SKIN|0| (已有0人评论)|减少数量 增加数量||na||||<p style="margin-top: 0px; margin-bottom: 20px; padding: 0px; color: rgb(102, 102, 102); font-size: 12px; line-height: 18px; white-space: normal; font-family: 'Microsoft Yahei'; text-align: center; background-color: rgb(255, 255, 255);"><span style="margin: 0px; padding: 0px; font-size: 16px; font-family: 微软雅黑, 'Microsoft YaHei';"><br></span></p><p style="margin-top: 0px; margin-bottom: 20px; padding: 0px; color: rgb(102, 102, 102); font-size: 12px; line-height: 18px; white-space: normal; font-family: 'Microsoft Yahei'; text-align: center; background-color: rgb(255, 255, 255);"><span style="margin: 0px; padding: 0px; font-size: 16px; font-family: 微软雅黑, 'Microsoft YaHei';">It's skin Baby Face One-Step Base (SPF15)</span></p><p style="margin-top: 0px; margin-bottom: 20px; padding: 0px; color: rgb(102, 102, 102); font-size: 12px; line-height: 18px; white-space: normal; font-family: 'Microsoft Yahei'; text-align: center; background-color: rgb(255, 255, 255);"><span style="margin: 0px; padding: 0px; font-size: 16px; font-family: 微软雅黑, 'Microsoft YaHei';"><br></span></p><p style="margin-top: 0px; margin-bottom: 20px; padding: 0px; color: rgb(102, 102, 102); font-size: 12px; line-height: 18px; white-space: normal; font-family: 'Microsoft Yahei'; text-align: center; background-color: rgb(255, 255, 255);"><span style="margin: 0px; padding: 0px; font-size: 16px; font-family: 微软雅黑, 'Microsoft YaHei';">▶ 制造公司 : 伊思</span></p><p style="margin-top: 0px; margin-bottom: 20px; padding: 0px; color: rgb(102, 102, 102); font-size: 12px; line-height: 18px; white-space: normal; font-family: 'Microsoft Yahei'; text-align: center; background-color: rgb(255, 255, 255);"><span style="margin: 0px; padding: 0px; font-size: 16px; font-family: 微软雅黑, 'Microsoft YaHei';">▶ 原产地&nbsp;: 韩国</span></p><p style="margin-top: 0px; margin-bottom: 20px; padding: 0px; color: rgb(102, 102, 102); font-size: 12px; line-height: 18px; white-space: normal; font-family: 'Microsoft Yahei'; text-align: center; background-color: rgb(255, 255, 255);"><span style="margin: 0px; padding: 0px; font-size: 16px; font-family: 微软雅黑, 'Microsoft YaHei';">▶ 容量 :35ml<br>&nbsp;<br><strong style="margin: 0px; padding: 0px;">▶ 产品说明</strong><br>&nbsp;<br>：含有桃花提取物，玫瑰提取物，波斯菊提取物，茉莉花提取物，莲花提取物等7中花卉提取物。<br>&nbsp;<br>：亮暗沉肤色，使肤色均匀透亮<br>&nbsp;<br>：自然遮盖毛孔瑕疵，塑造光滑健康的美肌<br>&nbsp;<br>：清透透明的质感，细腻不堵塞毛孔，妆后皮肤清爽自然<br>&nbsp;<br>：清爽的使用感<br>&nbsp;<br>：SPF15<br>&nbsp;</span></p><p style="margin-top: 0px; margin-bottom: 20px; padding: 0px; color: rgb(102, 102, 102); font-size: 12px; line-height: 18px; white-space: normal; font-family: 'Microsoft Yahei'; background-color: rgb(255, 255, 255);"><span style="margin: 0px; padding: 0px; font-size: 16px; font-family: 微软雅黑, 'Microsoft YaHei';"><br></span></p><p style="margin-top: 0px; margin-bottom: 20px; padding: 0px; color: rgb(102, 102, 102); font-size: 12px; line-height: 18px; white-space: normal; font-family: 'Microsoft Yahei'; text-align: center; background-color: rgb(255, 255, 255);"><span style="margin: 0px; padding: 0px; font-size: 16px; font-family: 微软雅黑, 'Microsoft YaHei';"><br><strong style="margin: 0px; padding: 0px;">▶ 使用方法</strong><br>&nbsp;<br>：取适量本品均匀地涂抹全脸</span></p><p style="margin-top: 0px; margin-bottom: 20px; padding: 0px; color: rgb(102, 102, 102); font-size: 12px; line-height: 18px; white-space: normal; font-family: 'Microsoft Yahei'; text-align: center; background-color: rgb(255, 255, 255);"><img alt="" src="http://beautymono.com/image/data/itssskin/Make%20Up/666.jpg" style="margin: 0px; padding: 0px; vertical-align: middle; height: 250px; width: 390px;"></p><p style="margin-top: 0px; margin-bottom: 20px; padding: 0px; color: rgb(102, 102, 102); font-size: 12px; line-height: 18px; white-space: normal; font-family: 'Microsoft Yahei'; text-align: center; background-color: rgb(255, 255, 255);"><img alt="" src="http://beautymono.com/image/data/itssskin/Make%20Up/It's-skin-Baby-Face-One-Step-Base-(SPF15).jpg" style="margin: 0px; padding: 0px; vertical-align: middle; height: 500px; width: 500px;"></p><p style="margin-top: 0px; margin-bottom: 20px; padding: 0px; color: rgb(102, 102, 102); font-size: 12px; line-height: 18px; white-space: normal; font-family: 'Microsoft Yahei'; text-align: center; background-color: rgb(255, 255, 255);"><img alt="" src="http://beautymono.com/image/data/itssskin/Make%20Up/BabyfaceOneStepBaseSPF15........jpg" style="margin: 0px; padding: 0px; vertical-align: middle; height: 2678px; width: 820px;"></p><p><br></p>|
14209|韩国IT'S SKIN 天使娃娃无暇高光修容粉饼 No1 PINK BEAM|http://www.chishenghuo.com/eimages/images/201412/source_img/1403_G_1417629409064.jpg|韩国IT'S`SKIN`天使娃娃无暇高光修容粉饼`#1`PINK`BEAM`粉底液`粉饼`BB霜`散粉`彩妆``流行``时尚`美妆馆|1|100|流行彩妆`美妆天地|韩国IT'S SKIN 天使娃娃无暇高光修容粉饼 #1 PINK BEAM|当前位置: 首页 > 美妆馆 > 彩妆 流行 时尚 > 粉底液 _ 粉饼 _ BB霜 _ 散粉 > 韩国IT'S SKIN 天使娃娃无暇高光修容粉饼 #1 PINK BEAM|maya-EYM001403|18.00|IT'S SKIN|5| (已有0人评论)|减少数量 增加数量||na||||<p style="margin-top: 0px; margin-bottom: 20px; font-family: 'Microsoft Yahei'; font-size: 12px; white-space: normal; text-align: center; background-color: rgb(255, 255, 255);"><span style="font-size: 16px; font-family: 微软雅黑, 'Microsoft YaHei';"><br></span></p><p style="margin-top: 0px; margin-bottom: 20px; font-family: 'Microsoft Yahei'; font-size: 12px; white-space: normal; text-align: center; background-color: rgb(255, 255, 255);"><span style="font-size: 16px; font-family: 微软雅黑, 'Microsoft YaHei';">It’s Skin Baby Face Finish Beam</span></p><p style="margin-top: 0px; margin-bottom: 20px; font-family: 'Microsoft Yahei'; font-size: 12px; white-space: normal; text-align: center; background-color: rgb(255, 255, 255);"><span style="font-size: 16px; font-family: 微软雅黑, 'Microsoft YaHei';"><br>▶ 制造公司 : (株)伊思</span></p><p style="margin-top: 0px; margin-bottom: 20px; font-family: 'Microsoft Yahei'; font-size: 12px; white-space: normal; text-align: center; background-color: rgb(255, 255, 255);"><br><span style="font-size: 16px; font-family: 微软雅黑, 'Microsoft YaHei';">▶ 原产地&nbsp;: 韩国</span></p><p style="margin-top: 0px; margin-bottom: 20px; font-family: 'Microsoft Yahei'; font-size: 12px; white-space: normal; text-align: center; background-color: rgb(255, 255, 255);"><br><span style="font-size: 16px; font-family: 微软雅黑, 'Microsoft YaHei';">▶ 容量 :， 5g</span></p><p style="margin-top: 0px; margin-bottom: 20px; font-family: 'Microsoft Yahei'; font-size: 12px; white-space: normal; text-align: center; background-color: rgb(255, 255, 255);"><span style="font-size: 16px; font-family: 微软雅黑, 'Microsoft YaHei';">&nbsp;</span></p><p style="margin-top: 0px; margin-bottom: 20px; font-family: 'Microsoft Yahei'; font-size: 12px; white-space: normal; text-align: center; background-color: rgb(255, 255, 255);"><span style="font-size: 16px; font-family: 微软雅黑, 'Microsoft YaHei';"><strong>▶ 产品说明</strong></span></p><p style="margin-top: 0px; margin-bottom: 20px; font-family: 'Microsoft Yahei'; font-size: 12px; white-space: normal; text-align: center; background-color: rgb(255, 255, 255);"><span style="font-size: 16px; font-family: 微软雅黑, 'Microsoft YaHei';">: 含有光泽粉末，能呈现自然光泽和妆感；明亮的珠光质感可以为你打造出阳光可爱的妆容<br>&nbsp;<br>: 有效遮盖皮肤的下次，保持自然洁净；粉饼材质轻盈，亲肤性好<br>&nbsp;<br>: 在锁骨和肩上使用，能够塑造出有立体感的美妆<br>&nbsp;<br>: 取适量本品涂抹于C区或者T区</span></p><p style="margin-top: 0px; margin-bottom: 20px; font-family: 'Microsoft Yahei'; font-size: 12px; white-space: normal; text-align: center; background-color: rgb(255, 255, 255);"><br></p><p style="margin-top: 0px; margin-bottom: 20px; font-family: 'Microsoft Yahei'; font-size: 12px; white-space: normal; text-align: center; background-color: rgb(255, 255, 255);"><br><span style="font-size: 16px; font-family: 微软雅黑, 'Microsoft YaHei';">&nbsp;<br><strong>▶ 颜色</strong></span></p><p style="margin-top: 0px; margin-bottom: 20px; font-family: 'Microsoft Yahei'; font-size: 12px; white-space: normal; text-align: center; background-color: rgb(255, 255, 255);"><span style="font-size: 16px; font-family: 微软雅黑, 'Microsoft YaHei';">#1号Pink Beam粉红——涂抹于腮紅上，呈现脸颊的可爱粉色光泽</span></p><p style="margin-top: 0px; margin-bottom: 20px; font-family: 'Microsoft Yahei'; font-size: 12px; white-space: normal; text-align: center; background-color: rgb(255, 255, 255);"><span style="font-size: 16px; font-family: 微软雅黑, 'Microsoft YaHei';">#2号Gold Beam金色——涂抹于肩膀和锁骨上，打造立体光滑曲线</span></p><p style="margin-top: 0px; margin-bottom: 20px; font-family: 'Microsoft Yahei'; font-size: 12px; white-space: normal; text-align: center; background-color: rgb(255, 255, 255);"><strong><img alt="" src="http://www.chishenghuo.com/eimages/images/image/56911417629241.jpg" style="height: 121px; width: 344px;"></strong></p><p style="margin-top: 0px; margin-bottom: 20px; font-family: 'Microsoft Yahei'; font-size: 12px; white-space: normal; text-align: center; background-color: rgb(255, 255, 255);"><strong><img alt="" src="http://www.chishenghuo.com/eimages/images/image/66111417629242.jpg" style="height: 500px; width: 500px;"></strong></p><p><br></p>|
14212|韩国IT'S SKIN 天使娃娃无暇高光修容粉饼 No2 GOLD BEAM|http://www.chishenghuo.com/eimages/images/201412/source_img/1404_G_1417629849049.jpg|韩国IT'S`SKIN`天使娃娃无暇高光修容粉饼`#2`GOLD`BEAM`粉底液`粉饼`BB霜`散粉`彩妆``流行``时尚`美妆馆|1|100|流行彩妆`美妆天地|韩国IT'S SKIN 天使娃娃无暇高光修容粉饼 #2 GOLD BEAM|当前位置: 首页 > 美妆馆 > 彩妆 流行 时尚 > 粉底液 _ 粉饼 _ BB霜 _ 散粉 > 韩国IT'S SKIN 天使娃娃无暇高光修容粉饼 #2 GOLD BEAM|maya-EYM001404|18.00|IT'S SKIN|5| (已有0人评论)|减少数量 增加数量||na||||<p style="margin-top: 0px; margin-bottom: 20px; padding: 0px; color: rgb(102, 102, 102); font-size: 12px; line-height: 18px; white-space: normal; font-family: 'Microsoft Yahei'; text-align: center; background-color: rgb(255, 255, 255);"><span style="margin: 0px; padding: 0px; font-size: 16px; font-family: 微软雅黑, 'Microsoft YaHei';"><br></span></p><p style="margin-top: 0px; margin-bottom: 20px; padding: 0px; color: rgb(102, 102, 102); font-size: 12px; line-height: 18px; white-space: normal; font-family: 'Microsoft Yahei'; text-align: center; background-color: rgb(255, 255, 255);"><span style="margin: 0px; padding: 0px; font-size: 16px; font-family: 微软雅黑, 'Microsoft YaHei';">It’s Skin Baby Face Finish Beam</span></p><p style="margin-top: 0px; margin-bottom: 20px; padding: 0px; color: rgb(102, 102, 102); font-size: 12px; line-height: 18px; white-space: normal; font-family: 'Microsoft Yahei'; text-align: center; background-color: rgb(255, 255, 255);"><span style="margin: 0px; padding: 0px; font-size: 16px; font-family: 微软雅黑, 'Microsoft YaHei';"><br>▶ 制造公司 : (株)伊思</span></p><p style="margin-top: 0px; margin-bottom: 20px; padding: 0px; color: rgb(102, 102, 102); font-size: 12px; line-height: 18px; white-space: normal; font-family: 'Microsoft Yahei'; text-align: center; background-color: rgb(255, 255, 255);"><br><span style="margin: 0px; padding: 0px; font-size: 16px; font-family: 微软雅黑, 'Microsoft YaHei';">▶ 原产地&nbsp;: 韩国</span></p><p style="margin-top: 0px; margin-bottom: 20px; padding: 0px; color: rgb(102, 102, 102); font-size: 12px; line-height: 18px; white-space: normal; font-family: 'Microsoft Yahei'; text-align: center; background-color: rgb(255, 255, 255);"><br><span style="margin: 0px; padding: 0px; font-size: 16px; font-family: 微软雅黑, 'Microsoft YaHei';">▶ 容量 :， 5g</span></p><p style="margin-top: 0px; margin-bottom: 20px; padding: 0px; color: rgb(102, 102, 102); font-size: 12px; line-height: 18px; white-space: normal; font-family: 'Microsoft Yahei'; text-align: center; background-color: rgb(255, 255, 255);"><span style="margin: 0px; padding: 0px; font-size: 16px; font-family: 微软雅黑, 'Microsoft YaHei';">&nbsp;</span></p><p style="margin-top: 0px; margin-bottom: 20px; padding: 0px; color: rgb(102, 102, 102); font-size: 12px; line-height: 18px; white-space: normal; font-family: 'Microsoft Yahei'; text-align: center; background-color: rgb(255, 255, 255);"><span style="margin: 0px; padding: 0px; font-size: 16px; font-family: 微软雅黑, 'Microsoft YaHei';"><strong style="margin: 0px; padding: 0px;">▶ 产品说明</strong></span></p><p style="margin-top: 0px; margin-bottom: 20px; padding: 0px; color: rgb(102, 102, 102); font-size: 12px; line-height: 18px; white-space: normal; font-family: 'Microsoft Yahei'; text-align: center; background-color: rgb(255, 255, 255);"><span style="margin: 0px; padding: 0px; font-size: 16px; font-family: 微软雅黑, 'Microsoft YaHei';">: 含有光泽粉末，能呈现自然光泽和妆感；明亮的珠光质感可以为你打造出阳光可爱的妆容<br>&nbsp;<br>: 有效遮盖皮肤的下次，保持自然洁净；粉饼材质轻盈，亲肤性好<br>&nbsp;<br>: 在锁骨和肩上使用，能够塑造出有立体感的美妆<br>&nbsp;<br>: 取适量本品涂抹于C区或者T区</span></p><p style="margin-top: 0px; margin-bottom: 20px; padding: 0px; color: rgb(102, 102, 102); font-size: 12px; line-height: 18px; white-space: normal; font-family: 'Microsoft Yahei'; text-align: center; background-color: rgb(255, 255, 255);"><br></p><p style="margin-top: 0px; margin-bottom: 20px; padding: 0px; color: rgb(102, 102, 102); font-size: 12px; line-height: 18px; white-space: normal; font-family: 'Microsoft Yahei'; text-align: center; background-color: rgb(255, 255, 255);"><br><span style="margin: 0px; padding: 0px; font-size: 16px; font-family: 微软雅黑, 'Microsoft YaHei';">&nbsp;<br><strong style="margin: 0px; padding: 0px;">▶ 颜色</strong></span></p><p style="margin-top: 0px; margin-bottom: 20px; padding: 0px; color: rgb(102, 102, 102); font-size: 12px; line-height: 18px; white-space: normal; font-family: 'Microsoft Yahei'; text-align: center; background-color: rgb(255, 255, 255);"><span style="margin: 0px; padding: 0px; font-size: 16px; font-family: 微软雅黑, 'Microsoft YaHei';">#1号Pink Beam粉红——涂抹于腮紅上，呈现脸颊的可爱粉色光泽</span></p><p style="margin-top: 0px; margin-bottom: 20px; padding: 0px; color: rgb(102, 102, 102); font-size: 12px; line-height: 18px; white-space: normal; font-family: 'Microsoft Yahei'; text-align: center; background-color: rgb(255, 255, 255);"><span style="margin: 0px; padding: 0px; font-size: 16px; font-family: 微软雅黑, 'Microsoft YaHei';">#2号Gold Beam金色——涂抹于肩膀和锁骨上，打造立体光滑曲线</span></p><p style="margin-top: 0px; margin-bottom: 20px; padding: 0px; color: rgb(102, 102, 102); font-size: 12px; line-height: 18px; white-space: normal; font-family: 'Microsoft Yahei'; text-align: center; background-color: rgb(255, 255, 255);"><strong style="margin: 0px; padding: 0px;"><img alt="" src="http://www.chishenghuo.com/eimages/images/image/271417629842.jpg" style="margin: 0px; padding: 0px; vertical-align: middle; height: 121px; width: 344px;"></strong></p><p style="margin-top: 0px; margin-bottom: 20px; padding: 0px; color: rgb(102, 102, 102); font-size: 12px; line-height: 18px; white-space: normal; font-family: 'Microsoft Yahei'; text-align: center; background-color: rgb(255, 255, 255);"><strong style="margin: 0px; padding: 0px;"><img alt="" src="http://www.chishenghuo.com/eimages/images/image/24791417629842.jpg" style="margin: 0px; padding: 0px; vertical-align: middle; height: 500px; width: 500px;"></strong></p><p><br></p>|
14215|韩国IT'S SKIN 天使娃娃迷你粉底SPF25 PA++ No1象牙白|http://www.chishenghuo.com/eimages/images/201412/source_img/1405_G_1417629967001.jpg|韩国IT'S`SKIN`天使娃娃迷你粉底SPF25`PA++`#1象牙白`粉底液`粉饼`BB霜`散粉`彩妆``流行``时尚`美妆馆|1|100|流行彩妆`美妆天地|韩国IT'S SKIN 天使娃娃迷你粉底SPF25 PA++ #1象牙白|当前位置: 首页 > 美妆馆 > 彩妆 流行 时尚 > 粉底液 _ 粉饼 _ BB霜 _ 散粉 > 韩国IT'S SKIN 天使娃娃迷你粉底SPF25 PA++ #1象牙白|maya-EYM001405|20.00|IT'S SKIN|0| (已有0人评论)|减少数量 增加数量||na||||<p style="margin-top: 0px; margin-bottom: 20px; font-family: 'Microsoft Yahei'; font-size: 12px; white-space: normal; text-align: center; background-color: rgb(255, 255, 255);"></p><p style="margin-top: 0px; margin-bottom: 20px; font-family: 'Microsoft Yahei'; font-size: 12px; white-space: normal; text-align: center; background-color: rgb(255, 255, 255);"><br><span style="font-size: 16px; font-family: 微软雅黑, 'Microsoft YaHei';">▶ 原产地: 韩国</span></p><p style="margin-top: 0px; margin-bottom: 20px; font-family: 'Microsoft Yahei'; font-size: 12px; white-space: normal; text-align: center; background-color: rgb(255, 255, 255);"><br><span style="font-size: 16px; font-family: 微软雅黑, 'Microsoft YaHei';">▶ 容量 :5g</span></p><p style="margin-top: 0px; margin-bottom: 20px; font-family: 'Microsoft Yahei'; font-size: 12px; white-space: normal; text-align: center; background-color: rgb(255, 255, 255);"><br><span style="font-size: 16px; font-family: 微软雅黑, 'Microsoft YaHei';"><strong>▶ 产品说明</strong></span></p><p style="margin-top: 0px; margin-bottom: 20px; font-family: 'Microsoft Yahei'; font-size: 12px; white-space: normal; text-align: center; background-color: rgb(255, 255, 255);"><span style="font-size: 16px; font-family: 微软雅黑, 'Microsoft YaHei';">&nbsp;<br>：自然遮盖皮肤瑕疵，使妆容綻放健康自然的光彩</span></p><p style="margin-top: 0px; margin-bottom: 20px; font-family: 'Microsoft Yahei'; font-size: 12px; white-space: normal; text-align: center; background-color: rgb(255, 255, 255);"><span style="font-size: 16px; font-family: 微软雅黑, 'Microsoft YaHei';">&nbsp;<br>：质地轻薄，轻轻一抹即可达到定妆遮瑕的效果，让肌肤美丽无负担肌膚</span></p><p style="margin-top: 0px; margin-bottom: 20px; font-family: 'Microsoft Yahei'; font-size: 12px; white-space: normal; text-align: center; background-color: rgb(255, 255, 255);"><span style="font-size: 16px; font-family: 微软雅黑, 'Microsoft YaHei';">&nbsp;<br>：细腻的粉末可吸附皮脂，控制油分，使肌肤水油平衡，让你干爽一整天</span></p><p style="margin-top: 0px; margin-bottom: 20px; font-family: 'Microsoft Yahei'; font-size: 12px; white-space: normal; text-align: center; background-color: rgb(255, 255, 255);"><span style="font-size: 16px; font-family: 微软雅黑, 'Microsoft YaHei';">&nbsp;<br>：內附粉扑</span></p><p style="margin-top: 0px; margin-bottom: 20px; font-family: 'Microsoft Yahei'; font-size: 12px; white-space: normal; text-align: center; background-color: rgb(255, 255, 255);"><span style="font-size: 16px; font-family: 微软雅黑, 'Microsoft YaHei';">&nbsp;<br>：SPF25 PA++<br>&nbsp;<br><strong>▶ 使用方法</strong></span></p><p style="margin-top: 0px; margin-bottom: 20px; font-family: 'Microsoft Yahei'; font-size: 12px; white-space: normal; text-align: center; background-color: rgb(255, 255, 255);"><span style="font-family: 微软雅黑, 'Microsoft YaHei'; font-size: 16px; background-color: rgb(255, 255, 255);">用粉扑取适量本品在脸上轻轻按压</span></p><p style="margin-top: 0px; margin-bottom: 20px; font-family: 'Microsoft Yahei'; font-size: 12px; white-space: normal; background-color: rgb(255, 255, 255);"></p><p style="margin-top: 0px; margin-bottom: 20px; font-family: 'Microsoft Yahei'; font-size: 12px; white-space: normal; text-align: center; background-color: rgb(255, 255, 255);"><strong>&nbsp;<img alt="" src="http://www.chishenghuo.com/eimages/images/image/1291417630483.jpg" style="height: 211px; width: 350px;"></strong></p><p style="margin-top: 0px; margin-bottom: 20px; font-family: 'Microsoft Yahei'; font-size: 12px; white-space: normal; text-align: center; background-color: rgb(255, 255, 255);"><img alt="" src="http://www.chishenghuo.com/eimages/images/image/69401417630483.jpg" style="height: 500px; width: 500px;"></p><p><br></p>|
14218|韩国IT'S SKIN 天使娃娃迷你粉底SPF25 PA++ No2自然色|http://www.chishenghuo.com/eimages/images/201412/source_img/1406_G_1417631069990.jpg|韩国IT'S`SKIN`天使娃娃迷你粉底SPF25`PA++`#2自然色`粉底液`粉饼`BB霜`散粉`彩妆``流行``时尚`美妆馆|1|100|流行彩妆`美妆天地|韩国IT'S SKIN 天使娃娃迷你粉底SPF25 PA++ #2自然色|当前位置: 首页 > 美妆馆 > 彩妆 流行 时尚 > 粉底液 _ 粉饼 _ BB霜 _ 散粉 > 韩国IT'S SKIN 天使娃娃迷你粉底SPF25 PA++ #2自然色|maya-EYM001406|20.00|IT'S SKIN|5| (已有0人评论)|减少数量 增加数量||na||||<p style="margin-top: 0px; margin-bottom: 20px; padding: 0px; color: rgb(102, 102, 102); font-size: 12px; line-height: 18px; white-space: normal; font-family: 'Microsoft Yahei'; text-align: center; background-color: rgb(255, 255, 255);"><span style="margin: 0px; padding: 0px; font-size: 16px; font-family: 微软雅黑, 'Microsoft YaHei';">▶ 原产地: 韩国</span></p><p style="margin-top: 0px; margin-bottom: 20px; padding: 0px; color: rgb(102, 102, 102); font-size: 12px; line-height: 18px; white-space: normal; font-family: 'Microsoft Yahei'; text-align: center; background-color: rgb(255, 255, 255);"><br><span style="margin: 0px; padding: 0px; font-size: 16px; font-family: 微软雅黑, 'Microsoft YaHei';">▶ 容量 :5g</span></p><p style="margin-top: 0px; margin-bottom: 20px; padding: 0px; color: rgb(102, 102, 102); font-size: 12px; line-height: 18px; white-space: normal; font-family: 'Microsoft Yahei'; text-align: center; background-color: rgb(255, 255, 255);"><br><span style="margin: 0px; padding: 0px; font-size: 16px; font-family: 微软雅黑, 'Microsoft YaHei';"><strong style="margin: 0px; padding: 0px;">▶ 产品说明</strong></span></p><p style="margin-top: 0px; margin-bottom: 20px; padding: 0px; color: rgb(102, 102, 102); font-size: 12px; line-height: 18px; white-space: normal; font-family: 'Microsoft Yahei'; text-align: center; background-color: rgb(255, 255, 255);"><span style="margin: 0px; padding: 0px; font-size: 16px; font-family: 微软雅黑, 'Microsoft YaHei';">&nbsp;<br>：自然遮盖皮肤瑕疵，使妆容綻放健康自然的光彩</span></p><p style="margin-top: 0px; margin-bottom: 20px; padding: 0px; color: rgb(102, 102, 102); font-size: 12px; line-height: 18px; white-space: normal; font-family: 'Microsoft Yahei'; text-align: center; background-color: rgb(255, 255, 255);"><span style="margin: 0px; padding: 0px; font-size: 16px; font-family: 微软雅黑, 'Microsoft YaHei';">&nbsp;<br>：质地轻薄，轻轻一抹即可达到定妆遮瑕的效果，让肌肤美丽无负担肌膚</span></p><p style="margin-top: 0px; margin-bottom: 20px; padding: 0px; color: rgb(102, 102, 102); font-size: 12px; line-height: 18px; white-space: normal; font-family: 'Microsoft Yahei'; text-align: center; background-color: rgb(255, 255, 255);"><span style="margin: 0px; padding: 0px; font-size: 16px; font-family: 微软雅黑, 'Microsoft YaHei';">&nbsp;<br>：细腻的粉末可吸附皮脂，控制油分，使肌肤水油平衡，让你干爽一整天</span></p><p style="margin-top: 0px; margin-bottom: 20px; padding: 0px; color: rgb(102, 102, 102); font-size: 12px; line-height: 18px; white-space: normal; font-family: 'Microsoft Yahei'; text-align: center; background-color: rgb(255, 255, 255);"><span style="margin: 0px; padding: 0px; font-size: 16px; font-family: 微软雅黑, 'Microsoft YaHei';">&nbsp;<br>：內附粉扑</span></p><p style="margin-top: 0px; margin-bottom: 20px; padding: 0px; color: rgb(102, 102, 102); font-size: 12px; line-height: 18px; white-space: normal; font-family: 'Microsoft Yahei'; text-align: center; background-color: rgb(255, 255, 255);"><span style="margin: 0px; padding: 0px; font-size: 16px; font-family: 微软雅黑, 'Microsoft YaHei';">&nbsp;<br>：SPF25 PA++<br>&nbsp;<br><strong style="margin: 0px; padding: 0px;">▶ 使用方法</strong></span></p><p style="margin-top: 0px; margin-bottom: 20px; padding: 0px; color: rgb(102, 102, 102); font-size: 12px; line-height: 18px; white-space: normal; font-family: 'Microsoft Yahei'; text-align: center; background-color: rgb(255, 255, 255);"><span style="margin: 0px; padding: 0px; font-family: 微软雅黑, 'Microsoft YaHei'; font-size: 16px;">用粉扑取适量本品在脸上轻轻按压</span></p><p style="margin-top: 0px; margin-bottom: 20px; padding: 0px; color: rgb(102, 102, 102); font-size: 12px; line-height: 18px; white-space: normal; font-family: 'Microsoft Yahei'; background-color: rgb(255, 255, 255);"><br></p><p style="margin-top: 0px; margin-bottom: 20px; padding: 0px; color: rgb(102, 102, 102); font-size: 12px; line-height: 18px; white-space: normal; font-family: 'Microsoft Yahei'; text-align: center; background-color: rgb(255, 255, 255);"><strong style="margin: 0px; padding: 0px;">&nbsp;<img alt="" src="http://www.chishenghuo.com/eimages/images/image/45491417631111.jpg" style="margin: 0px; padding: 0px; vertical-align: middle; height: 211px; width: 350px;"></strong></p><p style="margin-top: 0px; margin-bottom: 20px; padding: 0px; color: rgb(102, 102, 102); font-size: 12px; line-height: 18px; white-space: normal; font-family: 'Microsoft Yahei'; text-align: center; background-color: rgb(255, 255, 255);"><img alt="" src="http://www.chishenghuo.com/eimages/images/image/42271417631111.jpg" style="margin: 0px; padding: 0px; vertical-align: middle; height: 500px; width: 500px;"></p><p><br></p>|
14221|韩国IT'S SKIN 天使娃娃BB棒 No1亮肤色|http://www.chishenghuo.com/eimages/images/201412/source_img/1407_G_1417631555769.jpg|韩国IT'S`SKIN`天使娃娃BB棒`#1亮肤色`粉底液`粉饼`BB霜`散粉`彩妆``流行``时尚`美妆馆|1|100|流行彩妆`美妆天地|韩国IT'S SKIN 天使娃娃BB棒 #1亮肤色|当前位置: 首页 > 美妆馆 > 彩妆 流行 时尚 > 粉底液 _ 粉饼 _ BB霜 _ 散粉 > 韩国IT'S SKIN 天使娃娃BB棒 #1亮肤色|maya-EYM001407|25.00|IT'S SKIN|0| (已有0人评论)|减少数量 增加数量||na||||<p style="text-align: center;"><span style="font-size: 16px; font-family: 微软雅黑, 'Microsoft YaHei';"><br></span></p><p style="text-align: center;"><span style="font-size: 16px; font-family: 微软雅黑, 'Microsoft YaHei';"><br></span></p><p style="text-align: center;"><span style="font-size: 16px; font-family: 微软雅黑, 'Microsoft YaHei';">Its Skin Babyface B.B Stick<br><br>▶ 制造公司 : (株)伊思<br><br><br>▶ 原产地&nbsp;: 韩国<br><br><br>▶ 容量 :12g<br><br><br><br></span></p><p style="text-align: center;"><span style="font-size: 16px; font-family: 微软雅黑, 'Microsoft YaHei';">▶ 产品说明<br><br><br>: 在繁忙的早晨可快速塑造美妆的美容产品<br><br><br>: 轻柔的质地及优异的贴福利，使之紧密贴附肌肤，让你的肌肤看起来光滑细腻<br><br><br>: 清爽的使用感，滋润不粘腻<br><br><br>: 有效遮盖皮肤瑕疵，塑造水润滑腻的肌肤纹理<br><br>&nbsp;<br><br></span></p><p style="text-align: center;"><span style="font-size: 16px; font-family: 微软雅黑, 'Microsoft YaHei';">▶ 使用方法<br><br>&nbsp;<br>1.将BB棒拧出适量的长度（0.5cm）<br><br>&nbsp;<br>2.涂抹脸颊，额头，鼻翼<br><br>&nbsp;<br>3. 用手或粉扑轻轻涂抹开<br><br>&nbsp;<br>* BB棒拧出太多不好使用，0.5cm的程度最佳<br><br><br><br></span></p><p style="text-align: center;"><span style="font-size: 16px; font-family: 微软雅黑, 'Microsoft YaHei';">▶ 颜色</span></p><p><br></p><p>&nbsp;</p><p style="text-align: center;"><img alt="" src="http://www.chishenghuo.com/eimages/images/image/81051417631576.jpg" style="border: medium none; color: rgb(102, 102, 102); height: 200px; margin: 0px; padding: 0px; width: 360px;"></p><p><br></p>|
14224|韩国IT'S SKIN 天使娃娃BB棒 No2自然色|http://www.chishenghuo.com/eimages/images/201412/source_img/1408_G_1417631845674.jpg|韩国IT'S`SKIN`天使娃娃BB棒`#2自然色`粉底液`粉饼`BB霜`散粉`彩妆``流行``时尚`美妆馆|1|100|流行彩妆`美妆天地|韩国IT'S SKIN 天使娃娃BB棒 #2自然色|当前位置: 首页 > 美妆馆 > 彩妆 流行 时尚 > 粉底液 _ 粉饼 _ BB霜 _ 散粉 > 韩国IT'S SKIN 天使娃娃BB棒 #2自然色|maya-EYM001408|25.00|IT'S SKIN|0| (已有0人评论)|减少数量 增加数量||na||||<p style="margin-top: 0px; margin-bottom: 0px; padding: 0px; color: rgb(102, 102, 102); font-family: 微软雅黑, Verdana, 宋体; font-size: 12px; line-height: 18px; white-space: normal; text-align: center; background-color: rgb(255, 255, 255);"><span style="margin: 0px; padding: 0px; font-size: 16px; font-family: 微软雅黑, 'Microsoft YaHei';">Its Skin Babyface B.B Stick<br><br>▶ 制造公司 : (株)伊思<br><br><br>▶ 原产地&nbsp;: 韩国<br><br><br>▶ 容量 :12g<br><br><br><br></span></p><p style="margin-top: 0px; margin-bottom: 0px; padding: 0px; color: rgb(102, 102, 102); font-family: 微软雅黑, Verdana, 宋体; font-size: 12px; line-height: 18px; white-space: normal; text-align: center; background-color: rgb(255, 255, 255);"><span style="margin: 0px; padding: 0px; font-size: 16px; font-family: 微软雅黑, 'Microsoft YaHei';">▶ 产品说明<br><br><br>: 在繁忙的早晨可快速塑造美妆的美容产品<br><br><br>: 轻柔的质地及优异的贴福利，使之紧密贴附肌肤，让你的肌肤看起来光滑细腻<br><br><br>: 清爽的使用感，滋润不粘腻<br><br><br>: 有效遮盖皮肤瑕疵，塑造水润滑腻的肌肤纹理<br><br>&nbsp;<br><br></span></p><p style="margin-top: 0px; margin-bottom: 0px; padding: 0px; color: rgb(102, 102, 102); font-family: 微软雅黑, Verdana, 宋体; font-size: 12px; line-height: 18px; white-space: normal; text-align: center; background-color: rgb(255, 255, 255);"><span style="margin: 0px; padding: 0px; font-size: 16px; font-family: 微软雅黑, 'Microsoft YaHei';">▶ 使用方法<br><br>&nbsp;<br>1.将BB棒拧出适量的长度（0.5cm）<br><br>&nbsp;<br>2.涂抹脸颊，额头，鼻翼<br><br>&nbsp;<br>3. 用手或粉扑轻轻涂抹开<br><br>&nbsp;<br>* BB棒拧出太多不好使用，0.5cm的程度最佳<br><br><br><br></span></p><p style="margin-top: 0px; margin-bottom: 0px; padding: 0px; color: rgb(102, 102, 102); font-family: 微软雅黑, Verdana, 宋体; font-size: 12px; line-height: 18px; white-space: normal; text-align: center; background-color: rgb(255, 255, 255);"><span style="margin: 0px; padding: 0px; font-size: 16px; font-family: 微软雅黑, 'Microsoft YaHei';">▶ 颜色</span></p><p style="margin-top: 0px; margin-bottom: 0px; padding: 0px; color: rgb(102, 102, 102); font-family: 微软雅黑, Verdana, 宋体; font-size: 12px; line-height: 18px; white-space: normal; background-color: rgb(255, 255, 255);"><br></p><p style="margin-top: 0px; margin-bottom: 0px; padding: 0px; color: rgb(102, 102, 102); font-family: 微软雅黑, Verdana, 宋体; font-size: 12px; line-height: 18px; white-space: normal; background-color: rgb(255, 255, 255);">&nbsp;</p><p style="margin-top: 0px; margin-bottom: 0px; padding: 0px; color: rgb(102, 102, 102); font-family: 微软雅黑, Verdana, 宋体; font-size: 12px; line-height: 18px; white-space: normal; text-align: center; background-color: rgb(255, 255, 255);"><img alt="" src="http://www.chishenghuo.com/eimages/images/image/49021417631835.jpg" style="margin: 0px; padding: 0px; vertical-align: middle; border: medium none; height: 200px; width: 360px;"></p><p><br></p>|
14236|韩国IT'S SKIN 天使娃娃迷你腮红 No1粉红色|http://www.chishenghuo.com/eimages/images/201412/source_img/1412_G_1417641573004.jpg`http://www.chishenghuo.com/eimages/images/201412/goods_img/1412_P_1417641789835.jpg|韩国IT'S`SKIN`天使娃娃迷你腮红`#1粉红色`腮红`高光`阴影`彩妆``流行``时尚`美妆馆|1|100|流行彩妆`美妆天地|韩国IT'S SKIN 天使娃娃迷你腮红 #1粉红色|当前位置: 首页 > 美妆馆 > 彩妆 流行 时尚 > 腮红 _ 高光 _ 阴影 > 韩国IT'S SKIN 天使娃娃迷你腮红 #1粉红色|maya-EYM001412|18.00|IT'S SKIN|0| (已有0人评论)|减少数量 增加数量||na||||<p style="margin-top: 0px; margin-bottom: 20px; font-family: 'Microsoft Yahei'; font-size: 12px; white-space: normal; text-align: center; background-color: rgb(255, 255, 255);"><span style="font-size: 16px; font-family: 微软雅黑, 'Microsoft YaHei';"><span style="font-size: 16px; color: rgb(72, 72, 72);">▶ 制造公司 : 伊思</span><br><br><br><span style="font-size: 16px; color: rgb(72, 72, 72);">▶ 原产地：韩国</span><br><br><br><strong><span style="font-size: 16px; color: rgb(72, 72, 72);">▶ 产品说明：</span></strong><br><br><span style="font-size: 16px; color: rgb(72, 72, 72);">&nbsp;</span><br><span style="font-size: 16px; color: rgb(72, 72, 72);">：柔滑的粉红色系，让您拥有健康红润的肤色</span><br><span style="font-size: 16px; color: rgb(72, 72, 72);">&nbsp;</span><br><span style="font-size: 16px; color: rgb(72, 72, 72);">&nbsp;</span><br><span style="font-size: 16px; color: rgb(72, 72, 72);">：细腻的粉末，给肌肤柔滑的享受</span><br><br><span style="font-size: 16px; color: rgb(72, 72, 72);">&nbsp;</span><br><span style="font-size: 16px; color: rgb(72, 72, 72);">：优异的吸附力，轻轻一按，即可吸附皮脂和杂志，使你的妆容持不调妆</span><br><span style="font-size: 16px; color: rgb(72, 72, 72);">&nbsp;</span><br><br><span style="font-size: 16px; color: rgb(72, 72, 72);">：內附粉扑</span><br><span style="font-size: 16px; color: rgb(72, 72, 72);">&nbsp;</span><br><br><strong><span style="font-size: 16px; color: rgb(72, 72, 72);">▶ 使用方法</span></strong><br><span style="font-size: 16px; color: rgb(72, 72, 72);">&nbsp;</span><br><br><span style="font-size: 16px; color: rgb(72, 72, 72);">：取适量本品涂抹在脸颊</span></span></p><p style="margin-top: 0px; margin-bottom: 20px; font-family: 'Microsoft Yahei'; font-size: 12px; white-space: normal; text-align: center; background-color: rgb(255, 255, 255);"><span style="color: rgb(72, 72, 72);"><img alt="" src="http://www.chishenghuo.com/eimages/images/image/91901417641401.jpg" style="height: 474px; width: 580px;"></span></p><p style="margin-top: 0px; margin-bottom: 20px; font-family: 'Microsoft Yahei'; font-size: 12px; white-space: normal; text-align: center; background-color: rgb(255, 255, 255);"><span style="color: rgb(72, 72, 72);"><img alt="" src="http://www.chishenghuo.com/eimages/images/image/23891417641401.jpg" style="height: 600px; width: 656px;"></span></p><p><br></p>|
14239|韩国IT'S SKIN 天使娃娃迷你腮红 No2粉紫色|http://www.chishenghuo.com/eimages/images/201412/source_img/1413_G_1417641978937.jpg`http://www.chishenghuo.com/eimages/images/201412/goods_img/1413_P_1417642011928.jpg|韩国IT'S`SKIN`天使娃娃迷你腮红`#2粉紫色`腮红`高光`阴影`彩妆``流行``时尚`美妆馆|1|100|流行彩妆`美妆天地|韩国IT'S SKIN 天使娃娃迷你腮红 #2粉紫色|当前位置: 首页 > 美妆馆 > 彩妆 流行 时尚 > 腮红 _ 高光 _ 阴影 > 韩国IT'S SKIN 天使娃娃迷你腮红 #2粉紫色|maya-EYM001413|18.00|IT'S SKIN|0| (已有0人评论)|减少数量 增加数量||na||||<p style="margin-top: 0px; margin-bottom: 20px; padding: 0px; color: rgb(102, 102, 102); font-size: 12px; line-height: 18px; white-space: normal; font-family: 'Microsoft Yahei'; text-align: center; background-color: rgb(255, 255, 255);"><span style="margin: 0px; padding: 0px; font-size: 16px; font-family: 微软雅黑, 'Microsoft YaHei';"><span style="margin: 0px; padding: 0px; color: rgb(72, 72, 72);">▶ 制造公司 : 伊思</span><br><br><br><span style="margin: 0px; padding: 0px; color: rgb(72, 72, 72);">▶ 原产地：韩国</span><br><br><br><strong style="margin: 0px; padding: 0px;"><span style="margin: 0px; padding: 0px; color: rgb(72, 72, 72);">▶ 产品说明：</span></strong><br><br><span style="margin: 0px; padding: 0px; color: rgb(72, 72, 72);">&nbsp;</span><br><span style="margin: 0px; padding: 0px; color: rgb(72, 72, 72);">：柔滑的粉红色系，让您拥有健康红润的肤色</span><br><span style="margin: 0px; padding: 0px; color: rgb(72, 72, 72);">&nbsp;</span><br><span style="margin: 0px; padding: 0px; color: rgb(72, 72, 72);">&nbsp;</span><br><span style="margin: 0px; padding: 0px; color: rgb(72, 72, 72);">：细腻的粉末，给肌肤柔滑的享受</span><br><br><span style="margin: 0px; padding: 0px; color: rgb(72, 72, 72);">&nbsp;</span><br><span style="margin: 0px; padding: 0px; color: rgb(72, 72, 72);">：优异的吸附力，轻轻一按，即可吸附皮脂和杂志，使你的妆容持不调妆</span><br><span style="margin: 0px; padding: 0px; color: rgb(72, 72, 72);">&nbsp;</span><br><br><span style="margin: 0px; padding: 0px; color: rgb(72, 72, 72);">：內附粉扑</span><br><span style="margin: 0px; padding: 0px; color: rgb(72, 72, 72);">&nbsp;</span><br><br><strong style="margin: 0px; padding: 0px;"><span style="margin: 0px; padding: 0px; color: rgb(72, 72, 72);">▶ 使用方法</span></strong><br><span style="margin: 0px; padding: 0px; color: rgb(72, 72, 72);">&nbsp;</span><br><br><span style="margin: 0px; padding: 0px; color: rgb(72, 72, 72);">：取适量本品涂抹在脸颊</span></span></p><p style="margin-top: 0px; margin-bottom: 20px; padding: 0px; color: rgb(102, 102, 102); font-size: 12px; line-height: 18px; white-space: normal; font-family: 'Microsoft Yahei'; text-align: center; background-color: rgb(255, 255, 255);"><span style="margin: 0px; padding: 0px; color: rgb(72, 72, 72);"><img alt="" src="http://www.chishenghuo.com/eimages/images/image/62741417641971.jpg" style="margin: 0px; padding: 0px; vertical-align: middle; height: 474px; width: 580px;"></span></p><p style="margin-top: 0px; margin-bottom: 20px; padding: 0px; color: rgb(102, 102, 102); font-size: 12px; line-height: 18px; white-space: normal; font-family: 'Microsoft Yahei'; text-align: center; background-color: rgb(255, 255, 255);"><span style="margin: 0px; padding: 0px; color: rgb(72, 72, 72);"><img alt="" src="http://www.chishenghuo.com/eimages/images/image/15081417641971.jpg" style="margin: 0px; padding: 0px; vertical-align: middle; height: 600px; width: 656px;"></span></p><p><br></p>|
14242|韩国IT'S SKIN 天使娃娃迷你腮红 No3桃红色|http://www.chishenghuo.com/eimages/images/201412/source_img/1414_G_1417642060217.jpg`http://www.chishenghuo.com/eimages/images/201412/goods_img/1414_P_1417642093686.jpg|韩国IT'S`SKIN`天使娃娃迷你腮红`#3桃红色`腮红`高光`阴影`彩妆``流行``时尚`美妆馆|1|100|流行彩妆`美妆天地|韩国IT'S SKIN 天使娃娃迷你腮红 #3桃红色|当前位置: 首页 > 美妆馆 > 彩妆 流行 时尚 > 腮红 _ 高光 _ 阴影 > 韩国IT'S SKIN 天使娃娃迷你腮红 #3桃红色|maya-EYM001414|18.00|IT'S SKIN|0| (已有0人评论)|减少数量 增加数量||na||||<p style="margin-top: 0px; margin-bottom: 20px; padding: 0px; color: rgb(102, 102, 102); font-size: 12px; line-height: 18px; white-space: normal; font-family: 'Microsoft Yahei'; text-align: center; background-color: rgb(255, 255, 255);"><span style="margin: 0px; padding: 0px; font-size: 16px; font-family: 微软雅黑, 'Microsoft YaHei';"><span style="margin: 0px; padding: 0px; color: rgb(72, 72, 72);">▶ 制造公司 : 伊思</span><br><br><br><span style="margin: 0px; padding: 0px; color: rgb(72, 72, 72);">▶ 原产地：韩国</span><br><br><br><strong style="margin: 0px; padding: 0px;"><span style="margin: 0px; padding: 0px; color: rgb(72, 72, 72);">▶ 产品说明：</span></strong><br><br><span style="margin: 0px; padding: 0px; color: rgb(72, 72, 72);">&nbsp;</span><br><span style="margin: 0px; padding: 0px; color: rgb(72, 72, 72);">：柔滑的粉红色系，让您拥有健康红润的肤色</span><br><span style="margin: 0px; padding: 0px; color: rgb(72, 72, 72);">&nbsp;</span><br><span style="margin: 0px; padding: 0px; color: rgb(72, 72, 72);">&nbsp;</span><br><span style="margin: 0px; padding: 0px; color: rgb(72, 72, 72);">：细腻的粉末，给肌肤柔滑的享受</span><br><br><span style="margin: 0px; padding: 0px; color: rgb(72, 72, 72);">&nbsp;</span><br><span style="margin: 0px; padding: 0px; color: rgb(72, 72, 72);">：优异的吸附力，轻轻一按，即可吸附皮脂和杂志，使你的妆容持不调妆</span><br><span style="margin: 0px; padding: 0px; color: rgb(72, 72, 72);">&nbsp;</span><br><br><span style="margin: 0px; padding: 0px; color: rgb(72, 72, 72);">：內附粉扑</span><br><span style="margin: 0px; padding: 0px; color: rgb(72, 72, 72);">&nbsp;</span><br><br><strong style="margin: 0px; padding: 0px;"><span style="margin: 0px; padding: 0px; color: rgb(72, 72, 72);">▶ 使用方法</span></strong><br><span style="margin: 0px; padding: 0px; color: rgb(72, 72, 72);">&nbsp;</span><br><br><span style="margin: 0px; padding: 0px; color: rgb(72, 72, 72);">：取适量本品涂抹在脸颊</span></span></p><p style="margin-top: 0px; margin-bottom: 20px; padding: 0px; color: rgb(102, 102, 102); font-size: 12px; line-height: 18px; white-space: normal; font-family: 'Microsoft Yahei'; text-align: center; background-color: rgb(255, 255, 255);"><span style="margin: 0px; padding: 0px; color: rgb(72, 72, 72);"><img alt="" src="http://www.chishenghuo.com/eimages/images/image/65551417642057.jpg" style="margin: 0px; padding: 0px; vertical-align: middle; height: 474px; width: 580px;"></span></p><p style="margin-top: 0px; margin-bottom: 20px; padding: 0px; color: rgb(102, 102, 102); font-size: 12px; line-height: 18px; white-space: normal; font-family: 'Microsoft Yahei'; text-align: center; background-color: rgb(255, 255, 255);"><span style="margin: 0px; padding: 0px; color: rgb(72, 72, 72);"><img alt="" src="http://www.chishenghuo.com/eimages/images/image/24011417642057.jpg" style="margin: 0px; padding: 0px; vertical-align: middle; height: 600px; width: 656px;"></span></p><p><br></p>|
14245|韩国IT'S SKIN 天使娃娃迷你腮红 No4粉橙色|http://www.chishenghuo.com/eimages/images/201412/source_img/1415_G_1417642125181.jpg`http://www.chishenghuo.com/eimages/images/201412/goods_img/1415_P_1417642133389.jpg|韩国IT'S`SKIN`天使娃娃迷你腮红`#4粉橙色`腮红`高光`阴影`彩妆``流行``时尚`美妆馆|1|100|流行彩妆`美妆天地|韩国IT'S SKIN 天使娃娃迷你腮红 #4粉橙色|当前位置: 首页 > 美妆馆 > 彩妆 流行 时尚 > 腮红 _ 高光 _ 阴影 > 韩国IT'S SKIN 天使娃娃迷你腮红 #4粉橙色|maya-EYM001415|18.00|IT'S SKIN|0| (已有0人评论)|减少数量 增加数量||na||||<p style="margin-top: 0px; margin-bottom: 20px; padding: 0px; color: rgb(102, 102, 102); font-size: 12px; line-height: 18px; white-space: normal; font-family: 'Microsoft Yahei'; text-align: center; background-color: rgb(255, 255, 255);"><span style="margin: 0px; padding: 0px; font-size: 16px; font-family: 微软雅黑, 'Microsoft YaHei';"><span style="margin: 0px; padding: 0px; color: rgb(72, 72, 72);">▶ 制造公司 : 伊思</span><br><br><br><span style="margin: 0px; padding: 0px; color: rgb(72, 72, 72);">▶ 原产地：韩国</span><br><br><br><strong style="margin: 0px; padding: 0px;"><span style="margin: 0px; padding: 0px; color: rgb(72, 72, 72);">▶ 产品说明：</span></strong><br><br><span style="margin: 0px; padding: 0px; color: rgb(72, 72, 72);">&nbsp;</span><br><span style="margin: 0px; padding: 0px; color: rgb(72, 72, 72);">：柔滑的粉红色系，让您拥有健康红润的肤色</span><br><span style="margin: 0px; padding: 0px; color: rgb(72, 72, 72);">&nbsp;</span><br><span style="margin: 0px; padding: 0px; color: rgb(72, 72, 72);">&nbsp;</span><br><span style="margin: 0px; padding: 0px; color: rgb(72, 72, 72);">：细腻的粉末，给肌肤柔滑的享受</span><br><br><span style="margin: 0px; padding: 0px; color: rgb(72, 72, 72);">&nbsp;</span><br><span style="margin: 0px; padding: 0px; color: rgb(72, 72, 72);">：优异的吸附力，轻轻一按，即可吸附皮脂和杂志，使你的妆容持不调妆</span><br><span style="margin: 0px; padding: 0px; color: rgb(72, 72, 72);">&nbsp;</span><br><br><span style="margin: 0px; padding: 0px; color: rgb(72, 72, 72);">：內附粉扑</span><br><span style="margin: 0px; padding: 0px; color: rgb(72, 72, 72);">&nbsp;</span><br><br><strong style="margin: 0px; padding: 0px;"><span style="margin: 0px; padding: 0px; color: rgb(72, 72, 72);">▶ 使用方法</span></strong><br><span style="margin: 0px; padding: 0px; color: rgb(72, 72, 72);">&nbsp;</span><br><br><span style="margin: 0px; padding: 0px; color: rgb(72, 72, 72);">：取适量本品涂抹在脸颊</span></span></p><p style="margin-top: 0px; margin-bottom: 20px; padding: 0px; color: rgb(102, 102, 102); font-size: 12px; line-height: 18px; white-space: normal; font-family: 'Microsoft Yahei'; text-align: center; background-color: rgb(255, 255, 255);"><span style="margin: 0px; padding: 0px; color: rgb(72, 72, 72);"><img alt="" src="http://www.chishenghuo.com/eimages/images/image/761417642118.jpg" style="margin: 0px; padding: 0px; vertical-align: middle; height: 474px; width: 580px;"></span></p><p style="margin-top: 0px; margin-bottom: 20px; padding: 0px; color: rgb(102, 102, 102); font-size: 12px; line-height: 18px; white-space: normal; font-family: 'Microsoft Yahei'; text-align: center; background-color: rgb(255, 255, 255);"><span style="margin: 0px; padding: 0px; color: rgb(72, 72, 72);"><img alt="" src="http://www.chishenghuo.com/eimages/images/image/42951417642119.jpg" style="margin: 0px; padding: 0px; vertical-align: middle; height: 600px; width: 656px;"></span></p><p><br></p>|
